GROUP,PACKAGE,CLASS,INSTRUCTION_MISSED,INSTRUCTION_COVERED,BRANCH_MISSED,BRANCH_COVERED,LINE_MISSED,LINE_COVERED,COMPLEXITY_MISSED,COMPLEXITY_COVERED,METHOD_MISSED,METHOD_COVERED
CargaUY - ejb,capa_negocio,FuncionarioEJB,8,0,0,0,4,0,2,0,2,0
CargaUY - ejb,capa_negocio,UsuarioEJB,3,0,0,0,2,0,1,0,1,0
CargaUY - ejb,uy.edu.fing.grupo07.CargaUY.domain.enums,TipoEstado,0,21,0,0,0,4,0,1,0,1
CargaUY - ejb,uy.edu.fing.grupo07.CargaUY.domain.enums,TipoInfraccion,27,0,0,0,5,0,1,0,1,0
CargaUY - ejb,uy.edu.fing.grupo07.CargaUY.domain.enums,EstadoInfraccion,33,0,0,0,6,0,1,0,1,0
CargaUY - ejb,uy.edu.fing.grupo07.CargaUY.domain.enums,TipoEvento,0,45,0,0,0,8,0,1,0,1
CargaUY - ejb,uy.edu.fing.grupo07.CargaUY.domain.entity,Empresa,115,35,8,0,31,10,23,1,19,1
CargaUY - ejb,uy.edu.fing.grupo07.CargaUY.domain.entity,EventoViaje,66,63,7,5,21,21,17,9,12,8
CargaUY - ejb,uy.edu.fing.grupo07.CargaUY.domain.entity,Ciudadano,15,13,0,0,5,3,3,1,3,1
CargaUY - ejb,uy.edu.fing.grupo07.CargaUY.domain.entity,PuntoTracking,63,22,6,0,19,9,14,3,11,3
CargaUY - ejb,uy.edu.fing.grupo07.CargaUY.domain.entity,PesadaBalanza,67,22,8,0,19,9,15,3,11,3
CargaUY - ejb,uy.edu.fing.grupo07.CargaUY.domain.entity,TipoCarga,76,0,8,0,20,0,14,0,10,0
CargaUY - ejb,uy.edu.fing.grupo07.CargaUY.domain.entity,ReglaFiscalizacion,84,0,8,0,24,0,14,0,10,0
CargaUY - ejb,uy.edu.fing.grupo07.CargaUY.domain.entity,ITV,60,21,9,3,16,5,14,3,9,2
CargaUY - ejb,uy.edu.fing.grupo07.CargaUY.domain.entity,Autoridad,21,0,0,0,8,0,4,0,4,0
CargaUY - ejb,uy.edu.fing.grupo07.CargaUY.domain.entity,GuiaDeViaje,125,136,6,2,47,34,32,11,28,11
CargaUY - ejb,uy.edu.fing.grupo07.CargaUY.domain.entity,Descargo,75,0,6,0,24,0,15,0,12,0
CargaUY - ejb,uy.edu.fing.grupo07.CargaUY.domain.entity,PNC,60,21,9,3,16,5,14,3,9,2
CargaUY - ejb,uy.edu.fing.grupo07.CargaUY.domain.entity,Chofer,12,16,0,0,4,4,2,2,2,2
CargaUY - ejb,uy.edu.fing.grupo07.CargaUY.domain.entity,Administrador,11,0,0,0,4,0,2,0,2,0
CargaUY - ejb,uy.edu.fing.grupo07.CargaUY.domain.entity,RegistroAuditoria,39,42,7,1,8,14,8,7,4,7
CargaUY - ejb,uy.edu.fing.grupo07.CargaUY.domain.entity,Rubro,86,0,8,0,24,0,16,0,12,0
CargaUY - ejb,uy.edu.fing.grupo07.CargaUY.domain.entity,Funcionario,11,20,0,0,6,6,3,3,3,3
CargaUY - ejb,uy.edu.fing.grupo07.CargaUY.domain.entity,IncidenteRuta,53,22,6,0,15,9,11,4,8,4
CargaUY - ejb,uy.edu.fing.grupo07.CargaUY.domain.entity,Infraccion,133,0,12,0,45,0,30,0,24,0
CargaUY - ejb,uy.edu.fing.grupo07.CargaUY.domain.entity,Usuario,41,58,4,4,17,15,14,6,10,6
CargaUY - ejb,uy.edu.fing.grupo07.CargaUY.domain.entity,Vehiculo,108,80,10,12,32,19,26,10,20,5
